Name,Age,Salary,Height,Weight
Aryan,21.0,67000.0,5.716666666666666,70.0
Ayush,24.0,80000.0,5.5,75.0
Ratnesh,25.0,80200.0,5.9,76.0
Rohit,23.0,90000.0,5.716666666666666,64.0
Ram,23.0,80200.0,6.4,77.0
Satyam,27.0,99000.0,5.3,71.0
Aditya,20.0,65000.0,5.2,80.0
Raunak,21.0,80200.0,6.0,55.0
